{"cameraMode":{"drawMode":0,"name":"Shaded","section":"Shading Mode"},"sceneLighting":true,"audioPlay":false,"sceneViewState":{"m_AlwaysRefresh":false,"showFog":true,"showSkybox":true,"showFlares":true,"showImageEffects":true,"showParticleSystems":true,"showVisualEffectGraphs":true,"m_FxEnabled":true},"in2DMode":false,"pivot":{"x":607.4439697265625,"y":56.90985870361328,"z":547.1317749023438},"rotation":{"x":0.037697162479162219,"y":-0.0739847719669342,"z":0.0027983919717371465,"w":0.9965518116950989},"size":434.3487548828125,"orthographic":false}